{
  "hash": "35e821a5",
  "configHash": "8cfa166f",
  "lockfileHash": "77b366c5",
  "browserHash": "3be43a85",
  "optimized": {
    "@angular/common": {
      "src": "../../../../../node_modules/@angular/common/fesm2022/common.mjs",
      "file": "@angular_common.js",
      "fileHash": "883421dc",
      "needsInterop": false
    },
    "@angular/common/http": {
      "src": "../../../../../node_modules/@angular/common/fesm2022/http.mjs",
      "file": "@angular_common_http.js",
      "fileHash": "116ab07d",
      "needsInterop": false
    },
    "@angular/core": {
      "src": "../../../../../node_modules/@angular/core/fesm2022/core.mjs",
      "file": "@angular_core.js",
      "fileHash": "6ee3d1dd",
      "needsInterop": false
    },
    "@angular/forms": {
      "src": "../../../../../node_modules/@angular/forms/fesm2022/forms.mjs",
      "file": "@angular_forms.js",
      "fileHash": "647628d9",
      "needsInterop": false
    },
    "@angular/platform-browser": {
      "src": "../../../../../node_modules/@angular/platform-browser/fesm2022/platform-browser.mjs",
      "file": "@angular_platform-browser.js",
      "fileHash": "6b03f172",
      "needsInterop": false
    },
    "@angular/router": {
      "src": "../../../../../node_modules/@angular/router/fesm2022/router.mjs",
      "file": "@angular_router.js",
      "fileHash": "2a529d5e",
      "needsInterop": false
    },
    "rxjs": {
      "src": "../../../../../node_modules/rxjs/dist/esm5/index.js",
      "file": "rxjs.js",
      "fileHash": "a148af99",
      "needsInterop": false
    }
  },
  "chunks": {
    "chunk-5CZMZ5WG": {
      "file": "chunk-5CZMZ5WG.js"
    },
    "chunk-2572PXDU": {
      "file": "chunk-2572PXDU.js"
    },
    "chunk-MT6I7CWK": {
      "file": "chunk-MT6I7CWK.js"
    },
    "chunk-FCT5AU64": {
      "file": "chunk-FCT5AU64.js"
    },
    "chunk-SXIXOCJ4": {
      "file": "chunk-SXIXOCJ4.js"
    }
  }
}